family,bz_cutoff,d,q,nr_over_bz,nr_over_bz_lower,nr_over_bz_upper,nr_over_knuth,nr_over_knuth_lower,nr_over_knuth_upper
dyn_div,48,48,12,0.8865555874706246,0.8803445828138529,0.8931419840408164,0.8616950561538229,0.8570510613550679,0.866795370389525
dyn_div,48,48,24,0.7294838542764082,0.7240145524643561,0.7356455663936298,0.7208985358613548,0.7171679441242691,0.7265411545894247
dyn_div,48,48,48,0.8397263668035893,0.82485994253003,0.8598608303045903,0.832558448423682,0.8298006119968911,0.8357439832330996
dyn_div,48,48,96,1.191091775105245,1.1877049931159422,1.1944616936197376,1.192256664348193,1.1874884914133739,1.1969908953070751
dyn_div,48,48,192,2.3039306458606146,2.2699064978323413,2.3505898004960315,2.3130753548611107,2.302496932642361,2.3236059744791664
dyn_div,48,48,384,3.2858361590410055,3.249558253948413,3.328403206580853,3.3125312418990926,3.3030463720068024,3.3215421683426873
dyn_div,48,64,16,0.6301355213803633,0.6182225834353299,0.6442224767377001,0.6401855933014403,0.6385109063662552,0.6418111467407408
dyn_div,48,64,32,0.598489153992119,0.5958946016937509,0.6013157956793486,0.6093466194169928,0.6063252119562337,0.6124735168607307
dyn_div,48,64,64,0.8103859425992065,0.8086157567406206,0.8126231524621212,0.8221266228100906,0.8198665828265307,0.8243477930561224
dyn_div,48,64,128,1.1726459663447972,1.1679630847955247,1.1770790234876543,1.3167417036535303,1.311586779860427,1.322829659269294
dyn_div,48,64,256,1.867181514150794,1.8603319226666666,1.8737392806365079,2.1633324008621932,2.153417599666305,2.174844863968254
dyn_div,48,64,512,1.8245177437698417,1.8153668620111114,1.833173777888889,2.1446387881084656,2.129547867037037,2.160602087747024
dyn_div,48,80,20,0.5074052414688554,0.5040893107617845,0.5111819572968225,0.50932010645686,0.5074763463790665,0.5109868718066359
dyn_div,48,80,40,0.5440309253139589,0.5366985893039216,0.5513985924925304,0.5367333946639964,0.533307614371829,0.540700975360703
dyn_div,48,80,80,0.644742738980464,0.6413101091997865,0.6496641869352869,0.7492132010962302,0.7462763812178819,0.7518349560119048
dyn_div,48,80,160,1.0376821726146384,1.0353829576967593,1.0399424950220457,1.2150219161000884,1.2045307164276342,1.228281586969632
dyn_div,48,80,320,1.7770253765136053,1.7658411250408161,1.7886670268367348,2.103420449251701,2.090376264595238,2.117550623426871
dyn_div,48,80,640,1.5211267143253968,1.508135659325397,1.5366412468675594,1.7909852662003967,1.7856284159791664,1.7961840942132936
dyn_div,48,96,24,0.41910458151172786,0.4161003894979653,0.4222419533809461,0.42455770520240593,0.4221745464521626,0.4278371612268893
dyn_div,48,96,48,0.47689674200823795,0.4745853833861513,0.4789996273050784,0.48497021533432544,0.4831794215218254,0.4868404220426587
dyn_div,48,96,96,0.6393187239425772,0.636364346091912,0.6430814217843138,0.7189748435626102,0.7166872057848324,0.7214370118187831
dyn_div,48,96,192,1.230080751019536,1.2174784641804028,1.2444526742075703,1.3437563973412698,1.3375203741269843,1.3497284445352566
dyn_div,48,96,384,1.745892362134921,1.7305188462031744,1.7659724483690475,1.9364148076190477,1.927625306111111,1.9465054492857143
dyn_div,48,96,768,1.477717973888889,1.4638220316666668,1.4928064025833332,1.6488058780952384,1.6414710780952382,1.6556263705555554
dyn_div,48,128,32,0.3552809498730159,0.35210733604646816,0.3582843833285714,,,
dyn_div,48,128,64,0.46542215621580546,0.4644659992632979,0.46628670994934146,,,
dyn_div,48,128,128,0.6357114985416666,0.6351295402083335,0.6363549506354167,,,
dyn_div,48,128,256,1.0969060219642857,1.090680122422619,1.1042863248824406,,,
dyn_div,48,128,512,1.110907553670635,1.1002591354092262,1.119917869920635,,,
dyn_div,48,128,1024,1.1643611401785714,1.1381805493452382,1.200641343095238,,,
dyn_div,48,160,40,0.31519786316633597,0.314128095613426,0.31647060469721405,,,
dyn_div,48,160,80,0.4453404829240362,0.4436826448623583,0.4470492804795918,,,
dyn_div,48,160,160,0.6139429929166667,0.6124582869642858,0.6155318876309525,,,
dyn_div,48,160,320,1.0529651149682537,1.0452784080000002,1.0614982123333332,,,
dyn_div,48,160,640,0.8885590574206349,0.8739209156378968,0.9083923613095239,,,
dyn_div,48,160,1280,0.8884065319841269,0.8734339583333333,0.9051150933333334,,,
dyn_div,48,224,56,0.259495409898374,0.2562549058536585,0.26361109030792684,,,
dyn_div,48,224,112,0.4092223810383598,0.4059156833993056,0.41269859491319444,,,
dyn_div,48,224,224,0.7216584054861112,0.7176788009288194,0.7263133852777778,,,
dyn_div,48,224,448,0.7021414102976189,0.6969601690476191,0.708151325297619,,,
dyn_div,48,224,896,0.7565748444246032,0.75247863803125,0.7609668992767856,,,
dyn_div,48,224,1792,0.7980152926587302,0.7895797917539682,0.8073074888839287,,,
dyn_div,48,384,96,0.22008611298611114,0.219019910625,0.22124100145833334,,,
dyn_div,48,384,192,0.42161835281746024,0.4176463186507937,0.42585865544543655,,,
dyn_div,48,384,384,0.6512326477645503,0.6456777905648148,0.6588538112962963,,,
dyn_div,48,384,768,0.545137977003968,0.540044984767361,0.5502551858363096,,,
dyn_div,48,384,1536,0.5524713822619047,0.5484914055952381,0.5558723097619047,,,
dyn_div,48,384,3072,0.5894492000000001,0.5818584,0.5990761808333334,,,
dyn_div,48,787,197,0.21755441584325397,0.21568830341269843,0.21941618307589286,,,
dyn_div,48,787,394,0.3170260741468254,0.3095564436111111,0.3268654449999999,,,
dyn_div,48,787,787,0.4201110375793651,0.41539893535714284,0.4246320504335318,,,
dyn_div,48,787,1574,0.4418756642460317,0.4380973568204365,0.44563816126984124,,,
dyn_div,48,787,3148,0.47702279999999997,0.4678584,0.48712652875,,,
dyn_div,48,787,6296,1.4140287,1.3897372025,1.4347573075000002,,,
dyn_div,48,1573,393,0.16406448,0.16102420893750002,0.16824981416666665,,,
dyn_div,48,1573,787,0.21367782750000006,0.2109888475,0.21624745114583332,,,
dyn_div,48,1573,1573,0.37244458075396825,0.3703736068650793,0.37440932953968253,,,
dyn_div,48,1573,3146,0.4098852,0.39880230124999994,0.42241319125000004,,,
dyn_div,48,1573,6292,1.1292714,1.1099294375,1.1480828,,,
dyn_div,48,1573,12584,1.372195,1.3627407,1.3817685,,,
dyn_div,48,3109,777,0.12053416666666668,0.11859689999999999,0.12237268583333334,,,
dyn_div,48,3109,1555,0.188294,0.1850392775,0.191979005,,,
dyn_div,48,3109,3109,0.36925234999999995,0.36392907375,0.3752813675,,,
dyn_div,48,3109,6218,0.3988041,0.3900136925,0.40748943,,,
dyn_div,48,3109,12436,1.3343795,1.3139868275000002,1.3537878225,,,
dyn_div,48,3109,24872,1.1343665,1.1158860825,1.15042774,,,
dyn_div,64,48,12,0.8565787057062648,0.8520422716716164,0.8615735061702129,0.8616950561538229,0.8570510613550679,0.866795370389525
dyn_div,64,48,24,0.7203800414599648,0.7169627634218255,0.7236501284148149,0.7208985358613548,0.7171679441242691,0.7265411545894247
dyn_div,64,48,48,0.8321466251872868,0.8275968173812306,0.8366469578875538,0.832558448423682,0.8298006119968911,0.8357439832330996
dyn_div,64,48,96,1.1903796824076949,1.18421500450537,1.1982834824778077,1.192256664348193,1.1874884914133739,1.1969908953070751
dyn_div,64,48,192,2.24345881499504,2.234760611076389,2.2510040127310273,2.3130753548611107,2.302496932642361,2.3236059744791664
dyn_div,64,48,384,3.234366411927437,3.196978377936508,3.291551236530612,3.3125312418990926,3.3030463720068024,3.3215421683426873
dyn_div,64,64,16,0.6262889184972459,0.6240970257236141,0.6284780530899077,0.6401855933014403,0.6385109063662552,0.6418111467407408
dyn_div,64,64,32,0.6078671360333769,0.5999861866782861,0.6200946095134405,0.6093466194169928,0.6063252119562337,0.6124735168607307
dyn_div,64,64,64,0.8129834210656774,0.8107861462708189,0.8150833219907263,0.8221266228100906,0.8198665828265307,0.8243477930561224
dyn_div,64,64,128,1.3089536287981858,1.303103523639456,1.315639493877551,1.3167417036535303,1.311586779860427,1.322829659269294
dyn_div,64,64,256,2.1393354825,2.123286747727273,2.163577035748106,2.1633324008621932,2.153417599666305,2.174844863968254
dyn_div,64,64,512,2.176828686357142,2.155890187632143,2.2000239332142857,2.1446387881084656,2.129547867037037,2.160602087747024
dyn_div,64,80,20,0.4966188232589535,0.4916134938654283,0.5033533364209938,0.50932010645686,0.5074763463790665,0.5109868718066359
dyn_div,64,80,40,0.5334428630166218,0.5297905304357593,0.5378308924842767,0.5367333946639964,0.533307614371829,0.540700975360703
dyn_div,64,80,80,0.6513071232647908,0.6477806898233225,0.6565595916486292,0.7492132010962302,0.7462763812178819,0.7518349560119048
dyn_div,64,80,160,1.0483921129691878,1.043700311970588,1.0521628055462184,1.2150219161000884,1.2045307164276342,1.228281586969632
dyn_div,64,80,320,1.7371359445068029,1.7272611410544216,1.7489972546874994,2.103420449251701,2.090376264595238,2.117550623426871
dyn_div,64,80,640,1.5099741128472222,1.5034830417760416,1.5176090822222221,1.7909852662003967,1.7856284159791664,1.7961840942132936
dyn_div,64,96,24,0.4169853394975198,0.41187933497292906,0.42502085883888896,0.42455770520240593,0.4221745464521626,0.4278371612268893
dyn_div,64,96,48,0.4820675678685516,0.47672048402926587,0.4891408485729166,0.48497021533432544,0.4831794215218254,0.4868404220426587
dyn_div,64,96,96,0.6463578993615781,0.6443803373284315,0.6484906982612045,0.7189748435626102,0.7166872057848324,0.7214370118187831
dyn_div,64,96,192,1.2171714686691086,1.2098160544749694,1.226612417471612,1.3437563973412698,1.3375203741269843,1.3497284445352566
dyn_div,64,96,384,1.7041184389285713,1.694706517261905,1.7149930971815475,1.9364148076190477,1.927625306111111,1.9465054492857143
dyn_div,64,96,768,1.43400455531746,1.4289609621031745,1.4386074788670635,1.6488058780952384,1.6414710780952382,1.6556263705555554
dyn_div,64,128,32,0.35454600160964705,0.3524431916204346,0.3567612821473455,,,
dyn_div,64,128,64,0.4695555222359897,0.46669867411678,0.47219945548017905,,,
dyn_div,64,128,128,0.7079758744425548,0.7045859136588718,0.7106392030536658,,,
dyn_div,64,128,256,1.1773106453747793,1.1717963869488537,1.1838718031184965,,,
dyn_div,64,128,512,1.2113282305238093,1.204051996172619,1.2210759550738095,,,
dyn_div,64,128,1024,1.303207096547619,1.2933293023809522,1.314701855,,,
dyn_div,64,160,40,0.3130886518270056,0.31160367426303087,0.31449934337837837,,,
dyn_div,64,160,80,0.4433617927509338,0.4416602621348038,0.44476319677871157,,,
dyn_div,64,160,160,0.6226043198526078,0.6212387080265025,0.6237146366680839,,,
dyn_div,64,160,320,1.0630363706878307,1.055823647857143,1.072376913148148,,,
dyn_div,64,160,640,0.8957930292328041,0.8905868621712962,0.9014153672003969,,,
dyn_div,64,160,1280,0.9171510220039683,0.9126034986170635,0.9212029882068454,,,
dyn_div,64,224,56,0.257184513143424,0.25579491297052154,0.25853802688492067,,,
dyn_div,64,224,112,0.4076837186967418,0.404142835679198,0.4119734322055137,,,
dyn_div,64,224,224,0.7198766655803572,0.7166581821428573,0.7229866213489583,,,
dyn_div,64,224,448,0.7393325276388889,0.7320694748611113,0.7493464584722223,,,
dyn_div,64,224,896,0.815776534186508,0.8115896975783731,0.8195674475347223,,,
dyn_div,64,224,1792,0.8554049058730159,0.8398074927777779,0.8689065897678571,,,
dyn_div,64,384,96,0.21588951208085316,0.2144416471894841,0.21769259057291668,,,
dyn_div,64,384,192,0.41642698025510205,0.4114645684247448,0.42153222409226193,,,
dyn_div,64,384,384,0.6443746720734128,0.6425057736726191,0.6463694190079365,,,
dyn_div,64,384,768,0.5517298387896826,0.5485962111111111,0.5546389831349205,,,
dyn_div,64,384,1536,0.5655264044444445,0.5606488249999999,0.5716773943333332,,,
dyn_div,64,384,3072,0.5744747666666667,0.5691197516666666,0.5800554333333333,,,
dyn_div,64,787,197,0.21266070840277773,0.21004293673611113,0.21603386553125,,,
dyn_div,64,787,394,0.30162447462301584,0.29896026877232146,0.30480341499999997,,,
dyn_div,64,787,787,0.44150162567460316,0.4377529948412698,0.4457547604255952,,,
dyn_div,64,787,1574,0.4502327496031746,0.44169567000000004,0.45728622402976193,,,
dyn_div,64,787,3148,0.47667535,0.46159290000000003,0.49230104999999996,,,
dyn_div,64,787,6296,1.4436596000000002,1.4099196999999999,1.47614181,,,
dyn_div,64,1573,393,0.16252722634920636,0.16044649276190476,0.16527137175,,,
dyn_div,64,1573,787,0.22471830317460317,0.22258276984126987,0.22691431154761904,,,
dyn_div,64,1573,1573,0.38594415607142857,0.3835597315476191,0.3883872533333333,,,
dyn_div,64,1573,3146,0.411477,0.4082215975,0.4139005,,,
dyn_div,64,1573,6292,1.1363575,1.1033625975,1.1736610324999999,,,
dyn_div,64,1573,12584,1.3916768,1.382592,1.4028911000000002,,,
dyn_div,64,3109,777,0.11973759999999997,0.11748019999999999,0.12262286083333333,,,
dyn_div,64,3109,1555,0.1923876,0.1906503966666667,0.19403926666666665,,,
dyn_div,64,3109,3109,0.37413379999999996,0.3669478475,0.3824132,,,
dyn_div,64,3109,6218,0.4099391,0.40069520000000003,0.4213876,,,
dyn_div,64,3109,12436,1.3448106000000002,1.3254699675000001,1.3630519225,,,
dyn_div,64,3109,24872,1.1483472,1.1338887,1.1623451375000002,,,
dyn_div,88,48,12,0.8496168217127302,0.8471109461515912,0.8522204148366833,0.8616950561538229,0.8570510613550679,0.866795370389525
dyn_div,88,48,24,0.7179955817425508,0.7140171825213206,0.7227112824178502,0.7208985358613548,0.7171679441242691,0.7265411545894247
dyn_div,88,48,48,0.8246932606200397,0.8195214214315477,0.8317258327503722,0.832558448423682,0.8298006119968911,0.8357439832330996
dyn_div,88,48,96,1.192489312055049,1.1891115064560958,1.1964662968777442,1.192256664348193,1.1874884914133739,1.1969908953070751
dyn_div,88,48,192,2.28762757499504,2.2741510819561017,2.3039582390575397,2.3130753548611107,2.302496932642361,2.3236059744791664
dyn_div,88,48,384,3.285723922590703,3.2640084804063205,3.307901350396826,3.3125312418990926,3.3030463720068024,3.3215421683426873
dyn_div,88,64,16,0.6268429568532622,0.6234231136040826,0.630282742485626,0.6401855933014403,0.6385109063662552,0.6418111467407408
dyn_div,88,64,32,0.6141746326416447,0.6020622570243608,0.629313098411045,0.6093466194169928,0.6063252119562337,0.6124735168607307
dyn_div,88,64,64,0.8254208922530206,0.8135090937242361,0.8406170324072496,0.8221266228100906,0.8198665828265307,0.8243477930561224
dyn_div,88,64,128,1.3106911703352488,1.3066150847478448,1.3151521333429117,1.3167417036535303,1.311586779860427,1.322829659269294
dyn_div,88,64,256,2.1496987244985566,2.132206385256223,2.170434673131313,2.1633324008621932,2.153417599666305,2.174844863968254
dyn_div,88,64,512,2.16236169130291,2.150489623770668,2.1774545497685183,2.1446387881084656,2.129547867037037,2.160602087747024
dyn_div,88,80,20,0.4989517132610756,0.4968457486567164,0.5007729712769485,0.50932010645686,0.5074763463790665,0.5109868718066359
dyn_div,88,80,40,0.535840350018739,0.5321581545171957,0.5398222990583663,0.5367333946639964,0.533307614371829,0.540700975360703
dyn_div,88,80,80,0.7528980466931217,0.7508704717510748,0.7551895638657408,0.7492132010962302,0.7462763812178819,0.7518349560119048
dyn_div,88,80,160,1.21890253783208,1.2132529481829573,1.2238779382396618,1.2150219161000884,1.2045307164276342,1.228281586969632
dyn_div,88,80,320,2.049972733129252,2.040109365578231,2.062333500011905,2.103420449251701,2.090376264595238,2.117550623426871
dyn_div,88,80,640,1.7656184680456346,1.7527442726984128,1.779453774710069,1.7909852662003967,1.7856284159791664,1.7961840942132936
dyn_div,88,96,24,0.41675662996925256,0.4136338990293874,0.42108925216020177,0.42455770520240593,0.4221745464521626,0.4278371612268893
dyn_div,88,96,48,0.4794812259117185,0.4772792510733882,0.4823673921693121,0.48497021533432544,0.4831794215218254,0.4868404220426587
dyn_div,88,96,96,0.6366291226412233,0.6336829353707107,0.6404883518860877,0.7189748435626102,0.7166872057848324,0.7214370118187831
dyn_div,88,96,192,1.2141712200030523,1.210814916843712,1.2175123696577383,1.3437563973412698,1.3375203741269843,1.3497284445352566
dyn_div,88,96,384,1.7194617828108467,1.7137585139790013,1.725659026907242,1.9364148076190477,1.927625306111111,1.9465054492857143
dyn_div,88,96,768,1.4308550037301588,1.4204435492857144,1.4386217987579366,1.6488058780952384,1.6414710780952382,1.6556263705555554
dyn_div,88,128,32,0.35033565460088517,0.3486325453640873,0.3523971912728938,,,
dyn_div,88,128,64,0.46615314366650135,0.46464710994820607,0.46778653175347223,,,
dyn_div,88,128,128,0.7077939088726551,0.7005375494267677,0.7183707933766235,,,
dyn_div,88,128,256,1.1880812903659614,1.1843973057363315,1.1919639715123456,,,
dyn_div,88,128,512,1.2021284135476191,1.1923510794761905,1.2112795362142859,,,
dyn_div,88,128,1024,1.28760435859127,1.2756395836111112,1.2980602792857145,,,
dyn_div,88,160,40,0.3133969058177821,0.3117374098129961,0.31514236368564996,,,
dyn_div,88,160,80,0.44604526612698414,0.4425591296746031,0.45001519519880956,,,
dyn_div,88,160,160,0.6656571535147393,0.663996033712585,0.6672360765769558,,,
dyn_div,88,160,320,1.1446133402380954,1.1401402066666666,1.149986136248016,,,
dyn_div,88,160,640,0.9551649088756613,0.9497249775925927,0.9609173122486772,,,
dyn_div,88,160,1280,0.984527497797619,0.9796962406532738,0.9895398727976192,,,
dyn_div,88,224,56,0.2579904367450639,0.25709787148083624,0.258895302659698,,,
dyn_div,88,224,112,0.40770121756056804,0.4064283671931913,0.40898641118776113,,,
dyn_div,88,224,224,0.7288695040128967,0.7204375862622767,0.7412931430406746,,,
dyn_div,88,224,448,0.7304012496329364,0.7273205036954365,0.7333324919496528,,,
dyn_div,88,224,896,0.8114703365476191,0.80851561,0.814733966547619,,,
dyn_div,88,224,1792,0.8623388153571429,0.8550634350000001,0.8701999097916666,,,
dyn_div,88,384,96,0.22021433535218254,0.21818870824181547,0.22241164653583828,,,
dyn_div,88,384,192,0.421301518962585,0.4174275940335884,0.42674549015306124,,,
dyn_div,88,384,384,0.6445007375496032,0.6419001838492064,0.6481886246235118,,,
dyn_div,88,384,768,0.5479343959920636,0.5447458280952381,0.5511961880624998,,,
dyn_div,88,384,1536,0.5552858597222223,0.5500885047013889,0.5623849097222222,,,
dyn_div,88,384,3072,0.5620685666666666,0.5563782799999999,0.56902838,,,
dyn_div,88,787,197,0.21401779032738097,0.2126225511607143,0.21542900137053572,,,
dyn_div,88,787,394,0.3074484209325396,0.3046067328373016,0.3102364861111111,,,
dyn_div,88,787,787,0.43652541859126986,0.43484430400793644,0.43838659999999996,,,
dyn_div,88,787,1574,0.44437006519841277,0.4401909635386904,0.4483211835892857,,,
dyn_div,88,787,3148,0.480177,0.4750573,0.48502341250000003,,,
dyn_div,88,787,6296,1.4477398000000001,1.42583223,1.4739707,,,
dyn_div,88,1573,393,0.16536663365079363,0.16253550206349207,0.16957172508333335,,,
dyn_div,88,1573,787,0.22138672321428574,0.218381125,0.2238677989285714,,,
dyn_div,88,1573,1573,0.394042923968254,0.38839044652777777,0.4008668378571429,,,
dyn_div,88,1573,3146,0.4098668,0.40706745,0.4123568525,,,
dyn_div,88,1573,6292,1.1443964,1.1249936999999999,1.1752975,,,
dyn_div,88,1573,12584,1.3952219,1.3765570750000002,1.4136275575,,,
dyn_div,88,3109,777,0.11924140000000003,0.11810156666666669,0.12059671749999999,,,
dyn_div,88,3109,1555,0.1928851,0.18982246666666666,0.19606791833333337,,,
dyn_div,88,3109,3109,0.37496655,0.36943085,0.37993945125,,,
dyn_div,88,3109,6218,0.40856,0.3956846,0.420838355,,,
dyn_div,88,3109,12436,1.3437156000000001,1.3332915,1.3537769199999998,,,
dyn_div,88,3109,24872,1.1391204,1.1281838,1.1501339549999998,,,
dyn_rem,48,48,12,2.3024018230546925,2.2898431233950176,2.3148339522941686,2.3251009967835,2.3103131860326065,2.3426177377706248
dyn_rem,48,48,24,1.7887843030838606,1.775346332546481,1.8031246235800311,1.7948173741076943,1.7895132105597304,1.7997950651807073
dyn_rem,48,48,48,1.6819769875139148,1.672249119981447,1.6934212091502012,1.6710293657616986,1.6654544265223667,1.6763021974912904
dyn_rem,48,48,96,1.6115864320136342,1.6060119759879934,1.6164284055392757,1.6402580041107044,1.629966105877493,1.6499635042816443
dyn_rem,48,48,192,2.498468937087302,2.477576325005952,2.5224120428494046,2.5140911499920637,2.5035512437422622,2.526155138484127
dyn_rem,48,48,384,3.4103018183796294,3.374899296064814,3.4504632314351857,3.3895086733201056,3.369756686574074,3.412397158769841
dyn_rem,48,64,16,1.9801669157321429,1.973287329565476,1.9879733670654758,2.0772757301320053,2.069926150035755,2.083464049166667
dyn_rem,48,64,32,1.5280413674907407,1.5237040166851852,1.5330511483694447,1.5669448770393377,1.5609109516951345,1.57217863686853
dyn_rem,48,64,64,1.5616465300988014,1.5469001745606576,1.5800215264803206,1.604193622568783,1.587340467962963,1.6255898506243387
dyn_rem,48,64,128,1.5490431481481484,1.5431690860127316,1.5562126952314814,1.7181419971428573,1.70350918005176,1.7363920411977225
dyn_rem,48,64,256,2.056231367761905,2.027937699576191,2.087699568095238,2.3093666908015877,2.2970442447142863,2.3196448011047615
dyn_rem,48,64,512,1.9431268213730157,1.9113751473087301,1.984511499048413,2.252515559920635,2.2422737130000003,2.2616960803333326
dyn_rem,48,80,20,1.969495660886838,1.93755774699572,2.008304832394329,1.985506404659486,1.9770566316606861,1.9963335839697656
dyn_rem,48,80,40,1.5851188173041475,1.5749740281720435,1.59610579584639,1.5929185548699634,1.5864033869597072,1.5995167859615382
dyn_rem,48,80,80,1.3463551162211984,1.3422413554685102,1.3504624879953917,1.5713637421103896,1.5605631863023086,1.5845537698446968
dyn_rem,48,80,160,1.4008211388180272,1.3941286873386478,1.4070544613690477,1.6184978750116716,1.6118704014852356,1.6267362640686276
dyn_rem,48,80,320,1.9655584469047618,1.9537113372777777,1.9782283926587303,2.2863232147278914,2.2796700937755103,2.293139482679422
dyn_rem,48,80,640,1.6364491223214286,1.6240280752098213,1.6510089666026784,1.9065696282341271,1.887087509111607,1.9294877198035711
dyn_rem,48,96,24,1.6154161659364168,1.604261386615524,1.6273338529159822,1.6390787071115518,1.6357159575837743,1.6426030556458446
dyn_rem,48,96,48,1.431595559680736,1.4232884941815476,1.4401118402102273,1.4207635100323937,1.4147131441324912,1.4274889455668935
dyn_rem,48,96,96,1.3094313335876622,1.303429227121212,1.315053281448187,1.4711002316190476,1.4612028802166666,1.4849651710904763
dyn_rem,48,96,192,1.5879359926587302,1.5796584023737377,1.5958199813817642,1.714313998343254,1.7034956040972222,1.7232724495446428
dyn_rem,48,96,384,1.9308504688492063,1.9221104087047618,1.9409408785714288,2.152198380730159,2.128487245267064,2.1868148438960318
dyn_rem,48,96,768,1.5857693558333332,1.5675773756527778,1.6072103314930555,1.7457555305952381,1.7356842347222223,1.756297849262897
dyn_rem,48,128,32,1.482637374647186,1.4608552054831168,1.5074217314090907,,,
dyn_rem,48,128,64,1.3460337928270387,1.3399920912315273,1.352793567676724,,,
dyn_rem,48,128,128,1.2287888472732424,1.220962097273243,1.236440723484694,,,
dyn_rem,48,128,256,1.3949748540419502,1.3868859736619898,1.4031191397562357,,,
dyn_rem,48,128,512,1.2963653063988094,1.2779192216666668,1.3169816167842263,,,
dyn_rem,48,128,1024,1.2295979140674602,1.2209946435119048,1.23744452090377,,,
dyn_rem,48,160,40,1.4875562791499584,1.476055783641082,1.4982044642757415,,,
dyn_rem,48,160,80,1.3732401229603175,1.3629743701987103,1.3837082686752975,,,
dyn_rem,48,160,160,1.24298322893254,1.234340678075397,1.2528228753570436,,,
dyn_rem,48,160,320,1.3921202222063491,1.3820847246349206,1.401580090738492,,,
dyn_rem,48,160,640,1.0451507792989418,1.03835883984127,1.0517337230555557,,,
dyn_rem,48,160,1280,1.0023334475992063,0.9948585226979167,1.009039579642857,,,
dyn_rem,48,224,56,1.2908414552294687,1.2691764841630433,1.3130739893931158,,,
dyn_rem,48,224,112,0.8725822844810744,0.8652860453905679,0.8796483132478632,,,
dyn_rem,48,224,224,1.0129423291950115,0.9994496272066328,1.0295233895238094,,,
dyn_rem,48,224,448,0.8559171087103176,0.8449765401180556,0.8706629394047618,,,
dyn_rem,48,224,896,0.8414934596626984,0.8351253720763889,0.8479595422847223,,,
dyn_rem,48,224,1792,0.8530477442460315,0.8328565637559524,0.8709245894444445,,,
dyn_rem,48,384,96,0.707325261482684,0.7004338754561688,0.7136380388660715,,,
dyn_rem,48,384,192,0.7165635903505292,0.7042373530997023,0.7315888689814813,,,
dyn_rem,48,384,384,0.8555893678042328,0.8518352324603174,0.8591651003703702,,,
dyn_rem,48,384,768,0.6653885130952382,0.6591468783333333,0.6720941480297619,,,
dyn_rem,48,384,1536,0.6337113229365079,0.6251077617797619,0.6423444178273808,,,
dyn_rem,48,384,3072,0.6302283333333333,0.6247458983333333,0.6355635666666667,,,
dyn_rem,48,787,197,0.5013648837202381,0.49052550909598214,0.5136499266369048,,,
dyn_rem,48,787,394,0.469060713234127,0.46576695973065474,0.47286949656746036,,,
dyn_rem,48,787,787,0.611307840436508,0.6049732697708333,0.6169705919365079,,,
dyn_rem,48,787,1574,0.5334086498809525,0.5275201783333333,0.5391675533541668,,,
dyn_rem,48,787,3148,0.5336545,0.52294259375,0.54529025125,,,
dyn_rem,48,787,6296,1.4040831999999999,1.384131875,1.425142615,,,
dyn_rem,48,1573,393,0.3126805311111111,0.30628773872222215,0.31902516352777777,,,
dyn_rem,48,1573,787,0.3568020646031746,0.35059348174404764,0.36242461553571426,,,
dyn_rem,48,1573,1573,0.5393808366666667,0.5343077433333334,0.5453997027499999,,,
dyn_rem,48,1573,3146,1.5163612,1.460729115,1.5744022574999998,,,
dyn_rem,48,1573,6292,1.1102832,1.0893663999999998,1.1293446,,,
dyn_rem,48,1573,12584,1.3943683999999998,1.3783876000000002,1.414610315,,,
dyn_rem,48,3109,777,0.24723689999999998,0.2436718,0.25238975583333334,,,
dyn_rem,48,3109,1555,0.3253038,0.32135265,0.3296099275,,,
dyn_rem,48,3109,3109,0.54787935,0.5428133,0.55310515375,,,
dyn_rem,48,3109,6218,1.513529,1.4802242575,1.5469863375000001,,,
dyn_rem,48,3109,12436,1.3386204,1.32614706,1.3518430049999999,,,
dyn_rem,48,3109,24872,1.1615851000000001,1.1248188975,1.2043719824999999,,,
dyn_rem,64,48,12,2.271747946541066,2.260347694927916,2.285990816050677,2.3251009967835,2.3103131860326065,2.3426177377706248
dyn_rem,64,48,24,1.7634277340405036,1.755492166332047,1.7735554250254517,1.7948173741076943,1.7895132105597304,1.7997950651807073
dyn_rem,64,48,48,1.6517413133628411,1.6470608003846152,1.6566520955149575,1.6710293657616986,1.6654544265223667,1.6763021974912904
dyn_rem,64,48,96,1.6126886031845238,1.6077133178511906,1.6193286874229165,1.6402580041107044,1.629966105877493,1.6499635042816443
dyn_rem,64,48,192,2.507209591020408,2.468523213993197,2.5558365419047617,2.5140911499920637,2.5035512437422622,2.526155138484127
dyn_rem,64,48,384,3.3648990774338627,3.3146338077159396,3.4266058867857145,3.3895086733201056,3.369756686574074,3.412397158769841
dyn_rem,64,64,16,2.0577937553265153,2.0499902741482905,2.0684545215751573,2.0772757301320053,2.069926150035755,2.083464049166667
dyn_rem,64,64,32,1.559103726190054,1.5544664618622086,1.5637782927617356,1.5669448770393377,1.5609109516951345,1.57217863686853
dyn_rem,64,64,64,1.5709932185619047,1.5635817570952382,1.5790585119142861,1.604193622568783,1.587340467962963,1.6255898506243387
dyn_rem,64,64,128,1.7148392544523807,1.7093043450380956,1.720070027352381,1.7181419971428573,1.70350918005176,1.7363920411977225
dyn_rem,64,64,256,2.3252296276785716,2.3164032352440485,2.3332357817619047,2.3093666908015877,2.2970442447142863,2.3196448011047615
dyn_rem,64,64,512,2.2659323851269844,2.240214673042857,2.307205187142857,2.252515559920635,2.2422737130000003,2.2616960803333326
dyn_rem,64,80,20,1.9222311945924908,1.9184375346991758,1.925453338501946,1.985506404659486,1.9770566316606861,1.9963335839697656
dyn_rem,64,80,40,1.5655102184126986,1.5589390354681918,1.5725684718750002,1.5929185548699634,1.5864033869597072,1.5995167859615382
dyn_rem,64,80,80,1.3420527302764975,1.338085781889401,1.3462474589821432,1.5713637421103896,1.5605631863023086,1.5845537698446968
dyn_rem,64,80,160,1.3992766788715278,1.3934592071158853,1.4046452812994794,1.6184978750116716,1.6118704014852356,1.6267362640686276
dyn_rem,64,80,320,1.9342050803231292,1.928457207619048,1.938947099132653,2.2863232147278914,2.2796700937755103,2.293139482679422
dyn_rem,64,80,640,1.6380929219246032,1.6270912209915676,1.65026911625,1.9065696282341271,1.887087509111607,1.9294877198035711
dyn_rem,64,96,24,1.5623485839388263,1.5542272997003743,1.5695671346120474,1.6390787071115518,1.6357159575837743,1.6426030556458446
dyn_rem,64,96,48,1.4170968024068675,1.4072734935133626,1.4302408824233075,1.4207635100323937,1.4147131441324912,1.4274889455668935
dyn_rem,64,96,96,1.3066397538492065,1.3034258862202381,1.3102559558234126,1.4711002316190476,1.4612028802166666,1.4849651710904763
dyn_rem,64,96,192,1.5744446003246753,1.5657433332034632,1.584234920021645,1.714313998343254,1.7034956040972222,1.7232724495446428
dyn_rem,64,96,384,1.9175640428015874,1.899168049468254,1.9390640147380953,2.152198380730159,2.128487245267064,2.1868148438960318
dyn_rem,64,96,768,1.581136968716931,1.566061287516865,1.5963407644708996,1.7457555305952381,1.7356842347222223,1.756297849262897
dyn_rem,64,128,32,1.4357115808056973,1.424108040403327,1.4489891872470237,,,
dyn_rem,64,128,64,1.3469265847116403,1.3409031950884263,1.35346837726045,,,
dyn_rem,64,128,128,1.3563493199627976,1.3510140601711311,1.3630501126711307,,,
dyn_rem,64,128,256,1.5254424832688491,1.5162809339236112,1.5372366401388888,,,
dyn_rem,64,128,512,1.3961289849107141,1.3861697305357144,1.4063437680357143,,,
dyn_rem,64,128,1024,1.3520225060714286,1.3444052771488095,1.35918873,,,
dyn_rem,64,160,40,1.4444592380921855,1.4371965681349208,1.4530476890170942,,,
dyn_rem,64,160,80,1.3478556690022674,1.342624428526077,1.3520973709523807,,,
dyn_rem,64,160,160,1.2418500968452382,1.2375462086502977,1.2465431176473216,,,
dyn_rem,64,160,320,1.3657222735158732,1.3588112139444446,1.3737280721244047,,,
dyn_rem,64,160,640,1.041641588425926,1.0361647991689815,1.0463250856134259,,,
dyn_rem,64,160,1280,0.9854010951785713,0.9779437720833334,0.9932073459285714,,,
dyn_rem,64,224,56,1.217800367598344,1.2137968052795032,1.2216771614389232,,,
dyn_rem,64,224,112,0.8336613031693122,0.8299217762857144,0.8371504784974867,,,
dyn_rem,64,224,224,0.9856630053571428,0.9811312226190476,0.9921225343095239,,,
dyn_rem,64,224,448,0.8731572819642857,0.870268317641369,0.8757605644880953,,,
dyn_rem,64,224,896,0.8853421853968253,0.8825008135714285,0.8882639936111111,,,
dyn_rem,64,224,1792,0.8990316897619047,0.8919271109999999,0.9065627595892858,,,
dyn_rem,64,384,96,0.688190473584656,0.6842207569090608,0.6931230759282407,,,
dyn_rem,64,384,192,0.7044839937103174,0.696883270048115,0.7134418588224207,,,
dyn_rem,64,384,384,0.8632304515343916,0.8557007616646826,0.8742193987566137,,,
dyn_rem,64,384,768,0.6638107864285715,0.6579466880952382,0.6718172341666666,,,
dyn_rem,64,384,1536,0.6227985921825396,0.6142394756994047,0.6332933032936507,,,
dyn_rem,64,384,3072,0.6244229666666666,0.6174900058333334,0.6323186816666667,,,
dyn_rem,64,787,197,0.4811254328571429,0.47859632154761905,0.4838533661875001,,,
dyn_rem,64,787,394,0.4653152522023809,0.46247119825,0.46852507875595234,,,
dyn_rem,64,787,787,0.632285215297619,0.6226018619122025,0.6395264983333333,,,
dyn_rem,64,787,1574,0.5571266221428571,0.5520726842857143,0.5624246771428572,,,
dyn_rem,64,787,3148,0.55509005,0.544116575,0.5663350500000001,,,
dyn_rem,64,787,6296,1.4540056000000001,1.4239248,1.4904371,,,
dyn_rem,64,1573,393,0.3123072493650793,0.3062457531746032,0.32002431835714285,,,
dyn_rem,64,1573,787,0.3743393290476191,0.36948060004166666,0.37999248071428576,,,
dyn_rem,64,1573,1573,0.5607813165873017,0.5560837432539683,0.5658088958253968,,,
dyn_rem,64,1573,3146,1.5469143,1.5286045,1.5676481,,,
dyn_rem,64,1573,6292,1.1460365,1.1289210550000002,1.160309,,,
dyn_rem,64,1573,12584,1.3808303,1.36180108,1.39849076,,,
dyn_rem,64,3109,777,0.2588533666666667,0.25427116666666666,0.26345139999999995,,,
dyn_rem,64,3109,1555,0.3420296,0.3305928075,0.3533033,,,
dyn_rem,64,3109,3109,0.5526943000000001,0.547535845,0.55777061625,,,
dyn_rem,64,3109,6218,1.5053426,1.4879557325,1.5232943,,,
dyn_rem,64,3109,12436,1.3525038,1.3366357899999999,1.3663422,,,
dyn_rem,64,3109,24872,1.1452072,1.1292138,1.1597326000000001,,,
dyn_rem,88,48,12,2.3148138044553614,2.3057222891424067,2.326792052643134,2.3251009967835,2.3103131860326065,2.3426177377706248
dyn_rem,88,48,24,1.7766832694877093,1.7707047864070766,1.7824622598365367,1.7948173741076943,1.7895132105597304,1.7997950651807073
dyn_rem,88,48,48,1.643387850159748,1.6351646953490029,1.651232826544948,1.6710293657616986,1.6654544265223667,1.6763021974912904
dyn_rem,88,48,96,1.5996358412118439,1.5935076058119662,1.6060748501923077,1.6402580041107044,1.629966105877493,1.6499635042816443
dyn_rem,88,48,192,2.464197816416171,2.453347617562004,2.4766172165724205,2.5140911499920637,2.5035512437422622,2.526155138484127
dyn_rem,88,48,384,3.356093180725623,3.337814158125284,3.3774286680249426,3.3895086733201056,3.369756686574074,3.412397158769841
dyn_rem,88,64,16,2.035148248370026,2.0252221378471544,2.046849275079501,2.0772757301320053,2.069926150035755,2.083464049166667
dyn_rem,88,64,32,1.579361085974142,1.5709191480104965,1.5882389132565282,1.5669448770393377,1.5609109516951345,1.57217863686853
dyn_rem,88,64,64,1.5749412093484125,1.5645201354484128,1.5895926909299605,1.604193622568783,1.587340467962963,1.6255898506243387
dyn_rem,88,64,128,1.7036263116761905,1.6990835768776191,1.7078724888723806,1.7181419971428573,1.70350918005176,1.7363920411977225
dyn_rem,88,64,256,2.335164238563492,2.315114173704762,2.360680905111111,2.3093666908015877,2.2970442447142863,2.3196448011047615
dyn_rem,88,64,512,2.240493395119047,2.228338913252976,2.254202636904762,2.252515559920635,2.2422737130000003,2.2616960803333326
dyn_rem,88,80,20,1.9536037085088525,1.947987966067613,1.9596398635845926,1.985506404659486,1.9770566316606861,1.9963335839697656
dyn_rem,88,80,40,1.5578216526444693,1.5520328921286892,1.5645868527934805,1.5929185548699634,1.5864033869597072,1.5995167859615382
dyn_rem,88,80,80,1.541407182430255,1.534846551877886,1.5480745240452143,1.5713637421103896,1.5605631863023086,1.5845537698446968
dyn_rem,88,80,160,1.6019135175248016,1.5932638142437996,1.6108146782142856,1.6184978750116716,1.6118704014852356,1.6267362640686276
dyn_rem,88,80,320,2.26186473350907,2.2409899471995467,2.289588323452381,2.2863232147278914,2.2796700937755103,2.293139482679422
dyn_rem,88,80,640,1.8923517009126984,1.8809606953571432,1.9059315827777776,1.9065696282341271,1.887087509111607,1.9294877198035711
dyn_rem,88,96,24,1.5790686487257495,1.5710072785440918,1.5887900274382714,1.6390787071115518,1.6357159575837743,1.6426030556458446
dyn_rem,88,96,48,1.412188984551918,1.403402204642113,1.422432341099537,1.4207635100323937,1.4147131441324912,1.4274889455668935
dyn_rem,88,96,96,1.312867131223545,1.3079127012170964,1.3179293823809524,1.4711002316190476,1.4612028802166666,1.4849651710904763
dyn_rem,88,96,192,1.5936518122655123,1.577347185095599,1.6127962176767676,1.714313998343254,1.7034956040972222,1.7232724495446428
dyn_rem,88,96,384,1.9113108162142858,1.8992336019285716,1.925803246354762,2.152198380730159,2.128487245267064,2.1868148438960318
dyn_rem,88,96,768,1.5589245109656085,1.5480471633333333,1.572526916113095,1.7457555305952381,1.7356842347222223,1.756297849262897
dyn_rem,88,128,32,1.4187145821854255,1.410498245948052,1.42721461920202,,,
dyn_rem,88,128,64,1.3368370768029099,1.3272680285746359,1.350562299164021,,,
dyn_rem,88,128,128,1.3645635285105822,1.3582637535345898,1.3705468867698412,,,
dyn_rem,88,128,256,1.5287761441666667,1.5208794702380952,1.534997783217262,,,
dyn_rem,88,128,512,1.4405276926984125,1.4183783813095237,1.4636479173244048,,,
dyn_rem,88,128,1024,1.3821411306746032,1.3685518630555555,1.4009769541666666,,,
dyn_rem,88,160,40,1.455458394248177,1.4481558488502788,1.463418303166023,,,
dyn_rem,88,160,80,1.368882088277778,1.3620295285555557,1.3755675298333334,,,
dyn_rem,88,160,160,1.3377227338809525,1.3300352297535716,1.3456883883333333,,,
dyn_rem,88,160,320,1.479294528047619,1.4675697865583333,1.4955478303809524,,,
dyn_rem,88,160,640,1.1181326714021165,1.1086258876190478,1.125241481785053,,,
dyn_rem,88,160,1280,1.0552453945238094,1.047815079625,1.0631076423214285,,,
dyn_rem,88,224,56,1.208805028616287,1.2027927296092131,1.2142139286404414,,,
dyn_rem,88,224,112,0.8340155978015873,0.8290248839920635,0.8393152180416666,,,
dyn_rem,88,224,224,0.9871490943140588,0.9818694620148809,0.9933640724999998,,,
dyn_rem,88,224,448,0.874063475734127,0.866221648095238,0.8835882885044644,,,
dyn_rem,88,224,896,0.8781262124007937,0.8709025328174602,0.8832344785119047,,,
dyn_rem,88,224,1792,0.921142610873016,0.9070625836507936,0.9363383325396825,,,
dyn_rem,88,384,96,0.6810369631998557,0.6759224337291666,0.6864870335854978,,,
dyn_rem,88,384,192,0.6949241088029101,0.6904901028769842,0.7003980087276787,,,
dyn_rem,88,384,384,0.8587747538756613,0.8505943662566139,0.8689105289394843,,,
dyn_rem,88,384,768,0.6601895009920634,0.6546268257142858,0.666360018611111,,,
dyn_rem,88,384,1536,0.6178268313492062,0.6134331457440476,0.6231449936249999,,,
dyn_rem,88,384,3072,0.6213628999999999,0.6185346975,0.62390565,,,
dyn_rem,88,787,197,0.47408156371031746,0.47152063024305557,0.4770249543576389,,,
dyn_rem,88,787,394,0.4695388419047619,0.46325758273809525,0.4765235535714285,,,
dyn_rem,88,787,787,0.6426891585912698,0.6343429621076389,0.653240311561508,,,
dyn_rem,88,787,1574,0.5521004482539683,0.5491944339920634,0.5549502274166667,,,
dyn_rem,88,787,3148,0.5447242,0.54071452875,0.5496877524999999,,,
dyn_rem,88,787,6296,1.4049695,1.3806598325000001,1.4244060774999998,,,
dyn_rem,88,1573,393,0.3106713825396825,0.30668325130952384,0.3153471936507936,,,
dyn_rem,88,1573,787,0.37045242793650796,0.36787413783333334,0.37344622793650795,,,
dyn_rem,88,1573,1573,0.5635196700793651,0.5607006650793651,0.566166072936508,,,
dyn_rem,88,1573,3146,1.5244466,1.4996869125,1.5532038000000001,,,
dyn_rem,88,1573,6292,1.162752,1.1378168,1.1843405475000002,,,
dyn_rem,88,1573,12584,1.3819226,1.364158845,1.398903635,,,
dyn_rem,88,3109,777,0.25605876666666666,0.2525275491666667,0.2597285333333333,,,
dyn_rem,88,3109,1555,0.33354459999999997,0.32913503125,0.33768480624999997,,,
dyn_rem,88,3109,3109,0.5617945999999999,0.5541649475,0.5703304874999999,,,
dyn_rem,88,3109,6218,1.5120005,1.4912887,1.53105701,,,
dyn_rem,88,3109,12436,1.3621657,1.3535648,1.37109081,,,
dyn_rem,88,3109,24872,1.145275,1.1383087,1.1522734175,,,
